Source,Target,value
Geralt,Velerad,9
Ostrit,Velerad,9
Adda,Ostrit,5
Adda,Segelin,3
Ostrit,Segelin,6
Foltest,Geralt,20
Adda,Foltest,4
Geralt,Ostrit,15
Segelin,Velerad,6
Foltest,Velerad,6
Adda,Geralt,5
Geralt,Nenneke,101
Iola,Nenneke,26
Geralt,Roach,91
Rulle,Two,4
Geralt,Rulle,4
Geralt,Nivellen,46
Fenne,Geralt,5
Fenne,Nivellen,4
Nivellen,Primula,2
Geralt,Primula,15
Ilka,Primula,6
Nivellen,Venimira,1
Nivellen,Roach,5
Glutton,Roach,3
Glutton,Vereena,4
Geralt,Vereena,1
Roach,Vereena,1
Nivellen,Vereena,17
Falwick,Geralt,60
Falwick,Nenneke,32
Geralt,Hereward,15
Hereward,Nenneke,5
Falwick,Hereward,9
Dragomir,Trigla,6
Caldemeyn,Geralt,13
Borg,Karelka,6
Borg,Caldemeyn,3
Geralt,Irion,3
Geralt,Stregobor,41
Geralt,Two,54
Geralt,Zavist,4
Evermir,Silvena,4
Abrad,Evermir,1
Fredefalk,Stregobor,9
Fredefalk,Geralt,4
Aridea,Fredefalk,6
Fredefalk,Renfri,6
Aridea,Renfri,3
Eltibald,Stregobor,9
Nimir,Two,3
Nimir,Nohorn,1
Geralt,Nohorn,6
Geralt,Tavik,26
Nohorn,Tavik,12
Fifteen,Nohorn,27
Civril,Geralt,10
Civril,Nohorn,2
Civril,Tavik,8
Fifteen,Tavik,9
Civril,Fifteen,14
Civril,Renfri,8
Geralt,Renfri,31
Renfri,Tavik,10
Caldemeyn,Renfri,11
Audoen,Renfri,20
Geralt,Libushe,7
Audoen,Geralt,3
Renfri,Stregobor,9
Geralt,Marilka,5
Audoen,Caldemeyn,5
Geralt,Nimir,6
Nimir,Tavik,4
Geralt,Iola,3
Iola,Yennefer,18
Geralt,Haxo,10
Geralt,Roegner,7
Drogodar,Two,5
Haxo,Rainfarn,5
Eylembert,Rainfarn,4
Drogodar,Eylembert,5
Eist,Pavetta,16
Draig,Vissegerd,4
Fodcat,Vissegerd,6
Fodcat,Wieldhill,6
Vissegerd,Wieldhill,3
Drogodar,Geralt,9
Eist,Vissegerd,6
Draig,Geralt,6
Draig,Eist,6
Haxo,Pavetta,6
Pavetta,Vissegerd,12
Geralt,Vissegerd,69
Geralt,Pavetta,68
Eist,Geralt,21
Geralt,Mousesack,18
Mousesack,Pavetta,2
Calanthe,Pavetta,18
Calanthe,Roegner,9
Draig,Windhalm,1
Pavetta,Windhalm,6
Pavetta,Rainfarn,5
Supree,Zatret,4
Rumplestelt,Supree,5
Eist,Rainfarn,8
Geralt,Ravix,4
Rainfarn,Ravix,4
Geralt,Rainfarn,7
Draig,Rainfarn,3
Geralt,Roderick,3
Geralt,Millet,8
Dhun,Geralt,57
Dhun,Lille,25
Dhun,Nettly,11
Geralt,Lille,39
Galarr,Torque,12
Galarr,Vanadain,6
Toruviel,Vanadain,8
Galarr,Toruviel,14
Filavandrel,Galarr,7
Geralt,Vanadain,6
Geralt,Toruviel,14
Torque,Toruviel,5
Torque,Vanadain,4
Galarr,Geralt,5
Geralt,Torque,15
Filavandrel,Toruviel,22
Filavandrel,Torque,13
Filavandrel,Lille,1
Filavandrel,Geralt,6
Nenneke,Yennefer,117
Nenneke,Two,8
Geralt,Yennefer,896
Valdo,Virginia,5
Geralt,Vratimir,13
Chireadan,Vratimir,6
Chireadan,Geralt,57
Errdil,Geralt,10
Chireadan,Errdil,35
Beau,Geralt,11
Beau,Chireadan,15
Chireadan,Yennefer,35
Geralt,Triss,236
Geralt,Valdo,5
Two,Valdo,3
Two,Yennefer,15
Errdil,Vratimir,16
Vratimir,Yennefer,5
Virginia,Yennefer,3
Beau,Yennefer,5
Geralt,Laurelnose,4
Laurelnose,Yennefer,11
Krepp,Yennefer,30
Chireadan,Neville,7
Laurelnose,Neville,1
Krepp,Neville,6
Geralt,Krepp,26
Neville,Yennefer,12
Geoffrey,Geralt,6
Errdil,Krepp,11
Eskel,Vesemir,41
Errdil,Vesemir,5
Chireadan,Krepp,14
Errdil,Yennefer,12
Geralt,Neville,6
Krepp,Vratimir,3
Count,Geralt,24
Dennis,Geralt,27
Dennis,Falwick,5
Count,Dennis,9
Count,Falwick,13
Geralt,Niedamir,58
Eyck,Geralt,30
Dorregaray,Geralt,25
Dorregaray,Yennefer,68
Boholt,Niedamir,20
Geralt,Yarpen,79
Niedamir,Yarpen,12
Geralt,Gyllenstiern,36
Geralt,Kennet,2
Boholt,Kennet,12
Boholt,Geralt,60
Dorregaray,Yarpen,8
Niedamir,Yennefer,24
Gyllenstiern,Niedamir,45
Gyllenstiern,Yennefer,21
Boholt,Yennefer,68
Boholt,Yarpen,52
Boholt,Crinfrid,6
Kennet,Yennefer,4
Yarpen,Yennefer,77
Dorregaray,Niedamir,24
Dorregaray,Gyllenstiern,9
Boholt,Gyllenstiern,6
Gyllenstiern,Yarpen,6
Eyck,Gyllenstiern,13
Eyck,Yennefer,6
Dorregaray,Eyck,11
Boholt,Dorregaray,35
Kennet,Yarpen,6
Eyck,Yarpen,5
Boholt,Eyck,15
Eyck,Niedamir,14
Gyllenstiern,Kennet,5
Boholt,Villentretenmerth,3
Geralt,Villentretenmerth,13
Villentretenmerth,Yennefer,10
Istredd,Yennefer,53
Geralt,Herbolth,15
Geralt,Ivo,4
Geralt,Istredd,41
Herbolth,Istredd,4
Dandelion,Geralt,447
Geralt,Vespula,21
Vespula,Yennefer,5
Dandelion,Vespula,18
Dainty,Dandelion,28
Dainty,Geralt,67
Dainty,Vimme,11
Geralt,Vimme,9
Dainty,Sulimir,13
Ther,Vimme,5
Sulimir,Vimme,2
Dandelion,Sulimir,1
Dainty,Rhundurin,2
Rhundurin,Vimme,6
Dainty,Vespula,6
Dudu,Geralt,20
Dandelion,Dudu,11
Dainty,Dudu,13
Geralt,Sh'eenaz,51
Dandelion,Sh'eenaz,7
Gaspard,Teleri,5
Dalia,Gaspard,6
Dalia,Mestvin,6
Dandelion,Mestvin,5
Geralt,Teleri,3
Dandelion,Essi,94
Essi,Geralt,154
Essi,Sh'eenaz,7
Geralt,Gerard,2
Geralt,Zelest,7
Duke,Essi,1
Geralt,Veverka,3
Veverka,Yennefer,4
Akeretta,Veverka,5
Akeretta,Geralt,5
Dandelion,Yennefer,48
Essi,Yennefer,27
Sh'eenaz,Yennefer,16
Agloval,Essi,3
Agloval,Dandelion,6
Ebbing,Juan,6
Essi,Juan,3
Cynthia,Essi,5
Braenn,Ciri,71
Braenn,Geralt,103
Braenn,Kistrin,9
Geralt,Kistrin,32
Marck,Voymir,5
Geralt,Voymir,5
Braenn,Voymir,6
Ciri,Kistrin,45
Alvina,Ciri,3
Ciri,Geralt,842
Braenn,Vesemir,6
Ciri,Vesemir,63
Ervyll,Geralt,5
Freixenet,Geralt,24
Ciri,Freixenet,14
Geralt,Venzlav,30
Ekkehard,Venzlav,5
Ekkehard,Viraxas,5
Ervyll,Freixenet,6
Braenn,Freixenet,24
Ciri,Venzlav,7
Ciri,Morenn,3
Geralt,Morenn,3
Morenn,Venzlav,1
Braenn,Mona,15
Ciri,Pavetta,80
Ciri,Two,21
Ciri,Ervyll,5
Brick,Ciri,9
Ervyll,Venzlav,11
Ervyll,Viraxas,6
Geralt,Viraxas,4
Geralt,Junghans,2
Brick,Venzlav,2
Ciri,Levecque,9
Ervyll,Levecque,13
Ciri,King,4
King,Venzlav,5
Junghans,Levecque,18
Ciri,Junghans,12
Geralt,Levecque,16
Brick,Levecque,6
Ciri,Mousesack,6
Ciri,Yurga,4
Geralt,Yurga,35
Geralt,Visenna,15
Triss,Yurga,4
Atlan,Triss,6
Atlan,Vanielle,6
Vanielle,Yurga,6
Geralt,Lytta,9
Roach,Yurga,4
Roach,Two,4
Ciri,Dandelion,47
Nadbor,Sulik,5
Cirilla,Yennefer,11
Donimir,Sheldon,5
Eist,Sheldon,4
Radcliffe,Sheldon,1
Dandelion,Radcliffe,4
Dandelion,Sheldon,2
Dandelion,Vera,2
Abrad,Dezmod,6
Sheldon,Vera,5
Mama,Sheldon,3
Mama,Rience,2
Gruzila,Mama,6
Dandelion,Rience,45
Rience,Yennefer,46
Calanthe,Geralt,7
Dandelion,Vizimir,3
Ciri,Vizimir,4
Ciri,Yennefer,1084
Ciri,Eskel,50
Eskel,Roach,10
Ciri,Roach,25
Lambert,Vesemir,50
Geralt,Vesemir,103
Ciri,Triss,376
Geralt,Lambert,37
Ciri,Lambert,40
Lambert,Triss,52
Eskel,Geralt,23
Triss,Vesemir,47
Triss,Yennefer,368
Eskel,Lambert,18
Lambert,Two,2
Eskel,Triss,24
Nenneke,Triss,67
Triss,Vanielle,2
Ciri,Vanielle,2
Fercart,Keira,6
Artaud,Vilgefortz,29
Artaud,Fercart,6
Fercart,Yennefer,22
Vanielle,Yennefer,9
Roach,Triss,5
Triss,Two,6
Xavier,Yannick,6
Paulie,Xavier,9
Paulie,Regan,27
Geralt,Regan,5
Lucas,Yarpen,4
Geralt,Lucas,3
Geralt,Vilfrid,15
Vilfrid,Yarpen,5
Triss,Yarpen,40
Ciri,Yarpen,62
Ciri,Paulie,9
Regan,Roach,7
Paulie,Yarpen,24
Xavier,Yarpen,10
Regan,Yarpen,17
Regan,Schrader,3
Ciri,Schrader,3
Ciri,Regan,10
King,Zyvik,4
Paulie,Yannick,3
Geralt,Paulie,16
Aelirenn,Ciri,3
Regan,Triss,4
Ciri,Yannick,2
Triss,Yannick,2
Paulie,Roach,5
Regan,Yannick,3
Ciri,Vilfrid,3
Geralt,Radovid,2
Everett,Geralt,22
Boatbug,Nenneke,6
Boatbug,Geralt,17
Geralt,Linus,7
Geralt,Olsen,33
Everett,Olsen,21
Boatbug,Olsen,11
Olsen,Yennefer,1
Olsen,Stran,3
Everett,Stran,5
Stran,Vitek,6
Olsen,Vitek,1
Boatbug,Everett,3
Everett,Vitek,5
Geralt,Vitek,3
Linus,Olsen,4
Everett,Linus,1
Dandelion,Shani,19
Ori,Philippa,4
Geralt,Rience,40
Philippa,Rience,16
Dandelion,Philippa,28
Ori,Rience,2
Geralt,Philippa,62
Philippa,Triss,63
Dandelion,Wolfgang,3
Geralt,Shani,15
Philippa,Shani,7
Philippa,Yennefer,134
Ciri,Rience,24
Foltest,Vizimir,5
Emhyr,Vizimir,20
Ebbing,Emhyr,3
Emhyr,Henselt,5
Foltest,Henselt,5
Emhyr,Foltest,41
Aevenien,Ithlinne,12
Aevenien,Emhyr,5
Meve,Vizimir,7
Esterad,Niedamir,12
Esterad,Vizimir,1
Vilgefortz,Vizimir,6
Foltest,Vilgefortz,10
Emhyr,Vilgefortz,74
Emhyr,Vissegerd,36
Calanthe,Vissegerd,2
Calanthe,Foltest,15
Foltest,Vissegerd,20
Foltest,Meve,16
Meve,Vissegerd,3
Calanthe,Vizimir,5
Calanthe,Meve,4
Foltest,Pavetta,4
Ervyll,Foltest,4
Henselt,Vizimir,6
Calanthe,Emhyr,15
Meve,Niedamir,3
Niedamir,Vissegerd,5
Meve,Virfuril,1
Medell,Virfuril,11
Foltest,Virfuril,6
Foltest,Medell,6
Emhyr,Menno,5
Ciri,Emhyr,90
Ciri,Nenneke,113
Dandelion,Myhrman,1
Geralt,Myhrman,7
Shani,Two,2
Myhrman,Two,1
Flavius,Rizzi,6
Flavius,Lodovico,6
Lodovico,Toublanc,5
Rience,Toublanc,6
Michelet,Rience,6
Michelet,Toublanc,6
Toublanc,Two,3
Flavius,Rience,5
Myhrman,Rience,6
Myhrman,Vilgefortz,1
Artaud,Tissaia,29
Tissaia,Vilgefortz,42
Artaud,Two,4
Lydia,Two,14
Lydia,Vilgefortz,103
Artaud,Lydia,13
Lydia,Tissaia,9
Francesca,Vilgefortz,51
Fercart,Philippa,9
Fercart,Radcliffe,6
Radcliffe,Vilgefortz,6
Aevenien,Tissaia,2
Vilgefortz,Yennefer,195
Fercart,Vilgefortz,9
Artaud,Yennefer,26
Tissaia,Yennefer,84
Geralt,Michelet,9
Ciri,Philippa,52
Eurneid,Iola,30
Ciri,Eurneid,6
Ciri,Iola,13
Vesemir,Yarpen,17
Ciri,Jarre,140
Jarre,Nenneke,31
Bronibor,Jarre,12
Bronibor,Ciri,4
Jarre,Yennefer,41
Geralt,Jarre,8
Ciri,Hrosvitha,3
Hrosvitha,Iola,6
Hrosvitha,Yennefer,5
Agnes,Ciri,5
Ciri,Francesca,46
Aine,Ciri,9
Lambert,Yennefer,5
Ithlinne,Nenneke,3
Aevenien,Yennefer,3
Aplegatt,King,5
Aplegatt,Emhyr,3
Calanthe,Cirilla,6
Aplegatt,Ciri,4
Aplegatt,Yennefer,5
Codringher,Geralt,48
Codringher,Rience,8
Codringher,Dandelion,3
Philippa,Sabrina,72
Rience,Sabrina,4
Cirilla,Geralt,21
Cirilla,Pavetta,31
Ciri,Foltest,6
Codringher,Jacob,5
Pavetta,Roegner,12
Codringher,Pavetta,19
Codringher,Roegner,3
Ciri,Roegner,2
Ciri,Codringher,19
Akerspaark,Emhyr,5
Emhyr,Geralt,35
Akerspaark,Geralt,11
Horm,Torm,6
Gonzalez,Horm,6
Gonzalez,Valia,5
Nina,Valia,6
Argentina,Nina,6
Akerspaark,Pavetta,5
Calanthe,Ciri,7
Codringher,Ithlinne,5
Heimo,Ralf,5
Aplegatt,Hansom,9
Cairbre,Yaevinn,3
Ciri,Molnar,23
Molnar,Yennefer,36
Foltest,Molnar,3
Ciri,Fabio,134
Fabio,Yennefer,19
Ciri,Hugo,1
Hugo,Justin,5
Count,Justin,5
Fabio,Leila,2
Margarita,Yennefer,34
Ciri,Margarita,31
Margarita,Tissaia,15
Ciri,Tissaia,37
Falka,Yennefer,2
Lars,Tissaia,6
Bernie,Dandelion,8
Bernie,Falka,3
Bernie,Geralt,6
Bernie,Petunia,5
Dandelion,Petunia,4
Sabrina,Yennefer,63
Geralt,Sabrina,39
Gerhart,Yennefer,6
Francesca,Tissaia,28
Geralt,Vilgefortz,138
Francesca,Geralt,2
Lydia,Yennefer,6
Radcliffe,Yennefer,7
Philippa,Radcliffe,11
Cirilla,Two,1
Marti,Sabrina,31
Francesca,Sabrina,52
Marti,Yennefer,5
Geralt,Marti,4
Dorregaray,Philippa,8
Geralt,Radcliffe,6
Keira,Yennefer,29
Keira,Sabrina,76
Keira,Marti,10
Keira,Philippa,29
Francesca,Yennefer,127
Geralt,Tissaia,16
Geralt,Lydia,19
Agnes,Giambattista,7
Geoffrey,Giambattista,2
Geoffrey,Gerhart,4
Herbert,Vilgefortz,1
Aurora,Herbert,6
Aurora,Ivo,6
Agnes,Ivo,6
Agnes,Geoffrey,6
Geoffrey,Radmir,6
Aurora,Nina,6
Klara,Nina,6
Klara,Nora,1
Augusta,Nora,6
Augusta,Jada,6
Jada,Leticia,6
Ilona,Leticia,6
Ilona,Yiolenta,6
April,Yiolenta,6
April,Tissaia,5
Geralt,Radmir,4
Falka,Radmir,6
Aen,Vilgefortz,3
Lara,Lydia,14
Ciri,Lara,25
Tissaia,Triss,4
Ciri,Vilgefortz,140
Geoffrey,Immanuel,6
Immanuel,Nina,6
Nina,Ransant,6
Adalia,Elen,6
Elen,Fiona,6
Falka,Fiona,24
Fiona,Pavetta,6
Falka,Pavetta,6
Falka,Ithlinne,10
Falka,Lara,12
Codringher,Lara,5
Codringher,Falka,1
Cirilla,Falka,16
Falka,Geralt,3
Emhyr,Rience,4
Artaud,Geralt,5
Geralt,Keira,22
Radcliffe,Sabrina,15
Keira,Triss,44
Lydia,Triss,11
Lydia,Sabrina,1
Radcliffe,Triss,27
Sabrina,Vilgefortz,31
Sabrina,Triss,22
Dorregaray,Marti,9
Dorregaray,Esterad,4
Esterad,Lydia,3
Artaud,Philippa,5
Keira,Radcliffe,6
Radcliffe,Tissaia,11
Emhyr,Philippa,39
Emhyr,Tissaia,2
Francesca,Philippa,65
Emhyr,Fercart,5
Sigismund,Voymir,3
Cirilla,Philippa,4
Philippa,Vizimir,3
Philippa,Vilgefortz,40
Drithelm,Vilgefortz,5
Drithelm,Marti,4
Fercart,Francesca,12
Fercart,Geralt,2
Sabrina,Vizimir,5
Philippa,Tissaia,10
Demavend,Radcliffe,6
Carduin,Francesca,3
Carduin,Sabrina,5
Emhyr,Francesca,11
Lydia,Philippa,5
Sabrina,Tissaia,4
Henselt,Tissaia,4
Henselt,Philippa,3
Philippa,Raffard,6
Drithelm,Fercart,6
Drithelm,Radcliffe,6
Marquard,Radcliffe,6
Marquard,Rejean,6
Bianca,Rejean,6
Bianca,Triss,5
Cahir,Ciri,124
Artaud,Emhyr,7
Rience,Vilgefortz,70
Lydia,Rience,5
Ciri,Lydia,7
Morvran,Tissaia,1
Jan,Morvran,5
Dandelion,Venzlav,3
Fauve,Geralt,4
Dandelion,Triss,18
Elan,Menno,7
Emhyr,Two,5
Blaise,Two,3
Hedwig,Vizimir,5
Dandelion,Emhyr,19
Bronibor,Emhyr,5
Bronibor,Foltest,8
Emhyr,Willemer,5
Emhyr,Ervyll,6
Bode,Digod,3
Hrafnir,Mansfeld,2
Dandelion,Kraska,1
Dandelion,Foltest,4
Foltest,Hedwig,5
Hedwig,Triss,5
Esterad,Triss,4
Esterad,Vilgefortz,4
Emhyr,Filavandrel,9
Filavandrel,Foltest,3
Aen,Francesca,13
Filavandrel,Vilgefortz,2
Dandelion,Fauve,3
Emhyr,Esterad,35
Dervla,Emhyr,17
Aine,Emhyr,5
Aine,Clara,5
Emhyr,Stella,28
Dervla,Stella,2
Emhyr,Vattier,71
Emhyr,Stefan,23
Stefan,Xarthisius,7
Emhyr,Xarthisius,6
Cahir,Rience,45
Cahir,Emhyr,47
Rience,Vattier,43
Cahir,Vattier,40
Stefan,Vilgefortz,18
Stefan,Vattier,50
Ceallach,Emhyr,3
Cahir,Ceallach,13
Cirilla,Vattier,23
Aine,Yennefer,3
Ciri,Seven,6
Paulie,Vilgefortz,5
Margarita,Vilgefortz,2
Jarre,Margarita,4
Fabio,Jarre,10
Ciri,Skomlik,114
Geralt,Skomlik,3
Blue,Skomlik,5
Blue,Ciri,40
Blue,Two,12
Remiz,Skomlik,30
Baron,Remiz,2
Baron,Skomlik,3
Ciri,Vercta,7
Kayleigh,Skomlik,14
Lutz,Skomlik,9
Skomlik,Vercta,13
Ciri,Lutz,2
Ciri,Kayleigh,87
Kayleigh,Vercta,5
Remiz,Vercta,5
Ciri,Iskra,49
Ciri,Mistle,68
Giselher,Kayleigh,21
Ciri,Giselher,10
Iskra,Kayleigh,13
Iskra,Mistle,13
Giselher,Iskra,12
Ciri,Falka,31
Falka,Kayleigh,15
Kayleigh,Reef,5
Giselher,Mistle,21
Asse,Mistle,6
Asse,Falka,12
Flourens,Milva,2
Codringher,Milva,1
Fauve,Milva,3
Cirilla,Triss,2
Cirilla,Emhyr,26
Ori,Yennefer,3
Milva,Ori,4
Count,Fitz-Oesterlen,8
Fitz-Oesterlen,Prince,3
Fitz-Oesterlen,Vizimir,2
Shilard,Vizimir,2
Francesca,Shilard,1
Emhyr,Yennefer,26
Emhyr,Shilard,9
Cahir,Fitz-Oesterlen,3
Cahir,Cirilla,6
Coinneach,Milva,5
Ciaran,Milva,5
Ciaran,Toruviel,10
Milva,Toruviel,2
Keira,Margarita,18
Margarita,Philippa,46
Sabrina,Sheala,11
Francesca,Sheala,13
Francesca,Triss,44
Margarita,Triss,35
Sabrina,Sigismund,10
Philippa,Sheala,13
Sheala,Triss,5
Emhyr,Triss,5
Margarita,Sheala,3
Kayleigh,Tuzik,2
Asse,Kayleigh,11
Asse,Two,6
Falka,Tuzik,3
Milenka,Tuzik,6
Mykitka,Reef,2
Tuzik,Zgarba,4
Dandelion,Milva,114
Geralt,Milva,255
Emhyr,Milva,2
Milva,Roach,41
Cahir,Roach,15
Dandelion,Zoltan,68
Milva,Zoltan,146
Munro,Yazon,24
Caleb,Yazon,42
Caleb,Figgis,12
Figgis,Percival,6
Percival,Zoltan,80
Geralt,Zoltan,164
Munro,Zoltan,25
Caleb,Zoltan,34
Roach,Zoltan,6
Caleb,Milva,3
Milva,Percival,8
Foltest,Milva,4
Figgis,Munro,35
Dandelion,Figgis,5
Geralt,Percival,13
Figgis,Zoltan,11
Yazon,Zoltan,12
Milva,Yazon,3
Dandelion,Yazon,5
Cahir,Geralt,305
Cahir,Zoltan,13
Ciri,Milva,38
Effenberg,Philippa,5
Effenberg,Talbot,30
Talbot,Zoltan,1
Two,Zoltan,6
Milva,Yennefer,8
Yennefer,Zoltan,2
Falka,Giselher,4
Asse,Giselher,6
Falka,Mistle,21
Dandelion,Munro,1
Hector,Zoltan,5
Dandelion,Giselher,3
Anzelm,Aubry,5
Anzelm,Geralt,2
Anzelm,Dandelion,11
Count,Dandelion,12
Count,Daniel,7
Daniel,Foltest,5
Count,Foltest,8
Count,Emhyr,11
Dandelion,Daniel,8
Daniel,Geralt,14
Count,Vissegerd,17
Daniel,Vissegerd,14
Dandelion,Vissegerd,21
Cirilla,Vissegerd,9
Cirilla,Count,10
Cirilla,Daniel,3
Ciri,Count,4
Ciri,Riannon,15
Adalia,Ciri,10
Ciri,Vissegerd,17
Ciri,Daniel,2
Ciri,Cirilla,12
Elan,Milva,2
Cahir,Milva,345
Cahir,Vilgefortz,27
Vattier,Vilgefortz,43
Francesca,Vattier,24
Francesca,Rience,10
Cahir,Stefan,5
Fringilla,Merlin,2
Emhyr,Fringilla,34
Emhyr,Mawr,4
Ceallach,Mawr,6
Cahir,Fringilla,34
Albrich,Emhyr,11
Albrich,Fringilla,2
Fringilla,Xarthisius,4
Cahir,Xarthisius,7
Dandelion,Percival,3
Cahir,Seven,3
Dandelion,Seven,3
Milva,Seven,11
Cahir,Dandelion,49
Rience,Vascoigne,5
Millet,Rience,6
Philippa,Vascoigne,4
Kayleigh,Servadio,4
Giselher,Pinto,5
Giselher,Servadio,5
Falka,Servadio,8
Cahir,Yennefer,10
Ciri,Vattier,6
Ida,Vattier,5
Filavandrel,Stefan,5
Filavandrel,Vanadain,6
Vanadain,Vattier,5
Aevenien,Rience,5
Aevenien,Francesca,3
Ida,Philippa,2
Foltest,Keira,6
Foltest,Margarita,5
Margarita,Sabrina,29
Francesca,Keira,15
Fringilla,Philippa,94
Fringilla,Sabrina,23
Fringilla,Keira,31
Aen,Yennefer,5
Francesca,Fringilla,24
Aen,Fringilla,2
Aen,Ida,5
Ida,Yennefer,4
Fringilla,Yennefer,79
Assire,Philippa,1
Assire,Sabrina,12
Fringilla,Margarita,7
Asse,Iskra,3
Kayleigh,Mistle,18
Fringilla,Triss,21
Aen,Philippa,5
Ciri,Fringilla,13
Ciri,Sabrina,26
Lara,Philippa,16
Cregennan,Lara,63
Cregennan,Francesca,5
Aen,Cregennan,4
Cerro,Lara,28
Keira,Lara,6
Francesca,Lara,10
Cerro,Riannon,6
Goidemar,Riannon,31
Falka,Riannon,39
Falka,Fringilla,11
Falka,Francesca,5
Francesca,Vridank,3
Cerro,Vridank,5
Lara,Vridank,5
Falka,Vridank,3
Cerro,Falka,4
Francesca,Riannon,11
Houtborg,Riannon,22
Lara,Riannon,19
Cerro,Goidemar,6
Falka,Goidemar,33
Falka,Houtborg,10
Cregennan,Goidemar,2
Goidemar,Yennefer,5
Augusta,Tissaia,6
Augusta,Francesca,6
Fiona,Goidemar,5
Adela,Fiona,22
Amavet,Fiona,11
Amavet,Philippa,4
Goidemar,Philippa,5
Adela,Falka,8
Amavet,Falka,4
Amavet,Anna,17
Anna,Count,6
Count,Riannon,6
Coram,Goidemar,5
Coram,Falka,6
Fiona,Riannon,11
Ciri,Fiona,5
Fiona,Lara,10
Amavet,Lara,6
Amavet,Muriel,5
Francesca,Muriel,2
Adalia,Sabrina,5
Adalia,Francesca,10
Fiona,Francesca,5
Adalia,Amavet,10
Adalia,Fiona,9
Fiona,Yennefer,3
Amavet,Riannon,5
Corbett,Riannon,5
Corbett,Elen,5
Dagorad,Elen,6
Adalia,Dagorad,10
Dagorad,Lara,4
Fiona,Margarita,6
Amavet,Margarita,6
Anna,Margarita,3
Lara,Margarita,6
Lara,Pavetta,5
Cirilla,Lara,5
Pavetta,Yennefer,13
Fringilla,Geralt,127
Emhyr,Sabrina,16
Ciri,Keira,11
Count,Jolie,6
Falka,Stefan,6
Seven,Talbot,6
Nimue,Yennefer,25
Ciri,Nimue,28
Bronik,Ciri,2
Bronik,Yennefer,8
Nimue,Orla,5
Blood,Geralt,1
Ethain,Geralt,3
Geralt,Yazon,3
Munro,Percival,6
Figgis,Yazon,6
Figgis,Geralt,6
Ciri,Zoltan,17
Caleb,Ciri,6
Cahir,Mawr,13
Dyffryn,Mawr,6
Maria,Milva,19
Dandelion,Two,10
Cahir,Two,7
Philippa,Yarpen,5
Fabio,Vesemir,6
Fabio,Fringilla,5
Fringilla,Sigrdrifa,6
Freya,Sigrdrifa,6
Daniel,Freya,5
Daniel,Zyvik,6
Jarre,Triss,34
Nenneke,Vysogota,4
Muskrat,Vysogota,2
Ciri,Vysogota,123
Kelpie,Vysogota,26
Ciri,Kelpie,386
Roderick,Vysogota,1
Ciri,Roderick,3
Emhyr,Falka,1
Giselher,Reef,3
Mistle,Reef,6
Falka,Vysogota,10
Asse,Ciri,3
Kayleigh,Valdez,5
Asse,Valdez,2
Mistle,Valdez,3
Ciri,Reef,7
Emhyr,Reef,6
Cirilla,Reef,5
Cirilla,Giselher,9
Mistle,Vysogota,5
Falka,Kelpie,3
Cahir,Maria,1
Dandelion,Roach,5
Cirilla,Vilgefortz,16
Carthia,Vattier,49
Kamil,Schliemann,3
Effenberg,Jan,1
Joanna,Talbot,5
Cirilla,Joanna,2
Dacre,Falka,4
Dacre,Joanna,10
Dacre,Dufficey,4
Dufficey,Neratin,6
Chloe,Neratin,11
Andres,Chloe,18
Andres,Til,6
Dacre,Stefan,15
Bert,Ola,32
Bert,Stefan,4
Neratin,Stefan,13
Bert,Neratin,9
Dacre,Neratin,9
Cyprian,Rispat,5
Chloe,Cyprian,3
Andres,Stigward,11
Dede,Stigward,5
Chloe,Til,5
Falka,Nycklar,17
Ciri,Neratin,8
Boreas,Neratin,29
Boreas,Chloe,16
Andres,Dede,6
Dacre,Til,7
Chloe,Dacre,2
Chloe,Stefan,6
Chloe,Falka,4
Boreas,Falka,6
Baron,Ciri,2
Esterhazy,Neratin,8
Boreas,Esterhazy,3
Chloe,Esterhazy,4
Ciri,Esterhazy,7
Falka,Ola,3
Ciri,Leo,6
Leo,Marquis,1
Ciri,Windsor,17
Declan,Pennycuick,5
Leo,Pennycuick,5
Marquis,Windsor,3
Falka,Windsor,4
Ciri,Stavro,6
Falka,Stavro,6
Ciri,Pennycuick,4
Amaranth,Ciri,9
Ceallach,Geralt,6
Geralt,Vysogota,6
Geralt,Golan,5
Geralt,Novosad,12
Novosad,Yirrel,15
Geralt,Yirrel,3
Geralt,Homer,2
Cregennan,Geralt,5
Geralt,Lara,10
Lara,Vilgefortz,5
Pavetta,Riannon,6
Emhyr,Riannon,4
Anna,Geralt,18
Gabriel,Geralt,3
Baron,Dandelion,1
Effenberg,Flourens,1
Count,Radovid,5
Benda,Milan,3
Benda,Radovid,21
Gedovius,Gemma,21
Gedovius,Radovid,6
Benda,Gedovius,5
Aideen,Gemma,6
Gemma,Radovid,6
Benda,Gemma,4
Gemma,Gerard,5
Esteril,Gerard,5
Esterad,Zuleyka,69
Nicodemus,Vysogota,4
Philippa,Zuleyka,11
Carthia,Emhyr,11
Carthia,Menno,2
Emhyr,Joachim,3
Neratin,Vattier,17
Jediah,Vattier,10
Emhyr,Esteril,3
Ciri,Zuleyka,15
Calanthe,Zuleyka,5
Emhyr,Zuleyka,3
Esterad,Lebioda,4
Esterad,Guiscard,17
Esterad,Gaudemunda,12
Duke,Gaudemunda,4
Duke,Guiscard,13
Juan,Lorenzo,6
Juan,Julia,6
Guiscard,Julia,3
Guiscard,Zuleyka,12
Gaudemunda,Guiscard,5
Guiscard,Tankred,6
Esterad,Tankred,5
Esterad,Ithlinne,4
Esterad,Yennefer,6
Guthlaf,Yennefer,21
Sigrdrifa,Yennefer,24
Ciri,Sigrdrifa,18
Vissegerd,Yennefer,4
Foltest,Triss,4
Foltest,Philippa,14
Ciri,Radcliffe,4
Ciri,Geoffrey,6
Buyvid,Vysogota,4
Buyvid,Ciri,3
Hjalmar,Yennefer,7
Ciri,Hjalmar,10
Ciri,Radovid,10
Guthlaf,Hjalmar,7
Dacre,Ola,22
Ola,Til,6
Falka,Til,2
Bert,Dacre,14
Neratin,Til,7
Rience,Stefan,3
Rience,Scarra,7
Dacre,Stigward,3
Chloe,Ola,9
Falka,Rience,2
Ithlinne,Vilgefortz,2
Neratin,Stigward,4
Chloe,Stigward,9
Bert,Til,6
Boreas,Til,6
Ciri,Dede,4
Andres,Boreas,1
Ciri,Cyprian,4
Cyprian,Yuz,8
Dede,Yuz,7
Falka,Yuz,3
Dede,Falka,4
Cyprian,Falka,3
Dacre,Dede,4
Dacre,Rispat,3
Eurneid,Nenneke,21
Eurneid,Milo,1
Milo,Nenneke,4
Eurneid,Jarre,3
Gosta,Triss,2
Joanna,Vilgefortz,2
Boreas,Stefan,9
Ola,Rience,6
Joanna,Ola,2
Dacre,Rience,4
Bert,Two,6
Boreas,Ola,6
Bert,Stigward,9
Boreas,Dacre,10
Ola,Stefan,1
Eurneid,Kelpie,4
Lambert,Yarpen,4
Fabio,Paulie,5
Jarre,Tissaia,5
Arthur,Merlin,11
Condwiramurs,Lebioda,3
Condwiramurs,Nimue,166
Condwiramurs,Two,6
Ciri,Condwiramurs,36
Condwiramurs,Geralt,6
Condwiramurs,Yennefer,5
Geralt,Nimue,3
Lydia,Nimue,2
Emhyr,Fiona,1
Emhyr,Nimue,3
Nimue,Vilgefortz,2
Condwiramurs,Emhyr,7
Condwiramurs,Dandelion,7
Dandelion,Jarre,5
Francesca,Margarita,19
Condwiramurs,Fringilla,6
Condwiramurs,Vilgefortz,5
Stefan,Yennefer,9
Condwiramurs,Rience,5
Geralt,Reynart,36
Anna,Reynart,7
Dandelion,Reynart,4
Cahir,Reynart,8
Dandelion,Fringilla,9
Fringilla,Reynart,1
Alcides,Malatesta,3
Fringilla,Milva,25
Anna,Ciri,7
Anna,Dandelion,11
Dandelion,Pavetta,3
Geralt,Jean,6
Geralt,Palmerin,8
Milva,Reynart,3
Anna,Fringilla,6
Baron,Fringilla,5
Fringilla,Fulko,2
Anna,Roach,6
Geralt,Maria,2
Alcides,Geralt,13
Joachim,Vilgefortz,6
Joachim,Stefan,9
Emhyr,Prince,6
Fringilla,Vilgefortz,22
April,Vilgefortz,3
April,Fringilla,5
Keira,Vilgefortz,9
Geralt,Guy,3
Ciri,Cregennan,2
Kelpie,Vesemir,4
Ciri,Eredin,27
Aen,Auberon,6
Auberon,Ciri,25
Auberon,Geralt,6
Aen,Ciri,4
Anna,Auberon,3
Eredin,Kelpie,5
Kelpie,Yennefer,17
Ciri,Ihuarraquax,8
Ihuarraquax,Kelpie,15
Ihuarraquax,Lara,5
Ciri,Joachim,1
Jarre,Okultich,12
Jarre,Milton,12
Milton,Ograbek,18
Jarre,Ograbek,6
Jarre,Pike,54
Jarre,Klaproth,7
Klaproth,Pike,6
Pike,Two,5
Jarre,Two,10
Ograbek,Pike,1
Okultich,Pike,25
Milton,Pike,10
Goidemar,Klaproth,2
Goidemar,Jarre,1
Adam,Lorenzo,11
Julia,Lorenzo,21
Klaproth,Okultich,6
Cirilla,Jarre,8
Dennis,Jarre,40
Dennis,Nenneke,10
Jarre,Zoltan,10
Dennis,Zoltan,12
Dennis,Sheldon,6
Jarre,Sheldon,11
Sheldon,Zoltan,10
Menno,Zoltan,10
Jarre,Menno,5
Dennis,Elkana,4
Dennis,Vissegerd,5
Dennis,Yarpen,5
Emhyr,Yarpen,1
Emhyr,Zoltan,1
Emhyr,Sheldon,4
Dennis,Evangelina,2
Ciri,Dennis,2
Klaproth,Milton,6
Incarvilia,Milton,8
Impatientia,Incarvilia,3
Incarvilia,Milo,3
Holofernes,Incarvilia,3
Holofernes,Petunia,11
Holofernes,Milton,4
Holofernes,Klaproth,5
Klaproth,Petunia,5
Kelpie,Lara,4
Kelpie,Nimue,1
Kelpie,Two,9
Eurneid,Fabio,3
Geralt,Kelpie,21
Ithlinne,Nimue,5
Condwiramurs,Ithlinne,4
Colonel,Julia,2
Adam,Barclay,6
Elan,Kees,6
Kees,Ramon,3
Andy,Didi,6
Adam,Jarre,4
Aubry,Jarre,2
Anzelm,Foltest,4
Foltest,Julia,18
Barclay,Julia,2
Dennis,Two,4
Aubry,Barclay,1
Aubry,Julia,3
Julia,Marti,2
Kees,Marti,2
Kees,Menno,5
Isengrim,Kees,1
Isengrim,Menno,5
Iola,Marti,10
Iola,Triss,2
Eurneid,Katje,6
Katje,Myrrha,6
Jarre,Myrrha,5
Marti,Shani,13
Daniel,Shani,5
Julia,Shani,2
Count,Kobus,4
Lamarr,Ouder,5
Elan,Zyvik,1
Kees,Ouder,1
Ouder,Shani,1
Anzelm,Shani,2
Jarre,Marti,2
Deuslax,Jarre,3
Jarre,Mama,5
Menno,Sievers,4
Caleb,Munro,3
Caleb,Jarre,3
Adam,Menno,2
Adam,Julia,15
Pavetta,Vilgefortz,19
Milva,Vilgefortz,5
Count,Stefan,3
Cahir,Dyffryn,6
Aillil,Cahir,18
Aillil,Gruffyd,5
Ceallach,Gruffyd,6
Aillil,Mawr,10
Leo,Yennefer,6
Emhyr,Pavetta,6
Braathens,Ciri,4
Effenberg,Emhyr,2
Cirilla,Foltest,2
Pavetta,Triss,5
Foltest,Shilard,14
Henselt,Meve,5
Demavend,Sabrina,4
Demavend,Francesca,12
Demavend,Philippa,8
Berengar,Fitz-Oesterlen,13
Baron,Fitz-Oesterlen,5
Calanthe,Fitz-Oesterlen,5
Fitz-Oesterlen,Philippa,3
Philippa,Vattier,2
Berengar,Emhyr,4
Meve,Roegner,5
Kistrin,Shilard,2
Ciri,Corbett,1
Corbett,Dagorad,6
Dagorad,Roegner,6
Philippa,Roegner,3
Istvan,Orestes,3
Istvan,Vascoigne,1
Lorenzo,Radovid,1
Philippa,Sigismund,4
Sigismund,Willemer,5
Jarre,Lucienne,72
Lucienne,Two,3
Jarre,Toruviel,1
Lucienne,Toruviel,5
Bertram,Stefan,13
Edmund,Jean,3
Nicodemus,Vilgefortz,3
Albert,Nicodemus,4
Philippa,Willemer,6
Boreas,Willemer,4
Dandelion,Kelpie,14
Ciri,Reynart,15
Assire,Triss,6
Pavetta,Philippa,6
Geralt,Margarita,10
Dandelion,Nadia,1
Yarpen,Zoltan,32
Dandelion,Yarpen,4
Two,Yarpen,4
Regan,Yazon,6
Eudora,Zoltan,7
Eudora,Yarpen,4
Dezmod,Yennefer,2
Dezmod,Geralt,14
Cerro,Yarpen,4
Cerro,Zoltan,2
Dezmod,Zoltan,3
Kelpie,Triss,16
Alzur,Triss,4
Alzur,Yennefer,10
Condwiramurs,Triss,3
Nimue,Triss,3
Milva,Triss,4
Caleb,Lytta,5
Ciri,Lytta,4
Eurneid,Yarpen,6
Milva,Vesemir,6
Kelpie,Sandy,3
Sandy,Yennefer,4
Dorregaray,Triss,16
Herwig,Yennefer,6
Herwig,Nenneke,27
Vesemir,Yennefer,5
Freya,Geralt,10
Freya,Loki,5
Loki,Ragnar,10
Caldemeyn,Loki,4
Caldemeyn,Yarpen,5
Chireadan,Yarpen,11
Dainty,Gardenia,6
Dudu,Gardenia,5
Braenn,Dudu,5
Braenn,Morenn,6
Cirilla,Morenn,12
Cirilla,Mona,24
Kashka,Mona,23
Kashka,Morenn,21
Freixenet,Kashka,21
Braenn,Nenneke,5
Ethain,Sh'eenaz,2
Ethain,Venzlav,6
Matholm,Venzlav,6
Matholm,Sigismund,6
Devereux,Sigismund,6
Adda,Devereux,6
Adda,Sulivoy,5
Matholm,Sulivoy,12
Devereux,Matholm,12
Devereux,Villentretenmerth,5
Freixenet,Freya,6
Freya,Sulivoy,5
Dandelion,Devereux,5
Annika,Caldemeyn,18
Caldemeyn,Villentretenmerth,10
Merle,Villentretenmerth,10
Merle,Radcliffe,2
Dorregaray,Radcliffe,11
Dorregaray,Kashka,6
Cirilla,Freixenet,6
Mona,Ragnar,5
Matholm,Ragnar,6
Matholm,Morenn,6
Freixenet,Morenn,6
Braenn,Freya,6
Dandelion,Freya,10
Dandelion,Freixenet,12
Caldemeyn,Freixenet,6
Caldemeyn,Radcliffe,5
Freya,Radcliffe,5
Freya,Willem,3
Willem,Yarpen,3
Sh'eenaz,Yarpen,9
Nenneke,Sh'eenaz,5
Nenneke,Ragnar,1
Eurneid,Ragnar,6
Chireadan,Jarre,4
Chireadan,Eskel,5
Triss,Villentretenmerth,4
Geralt,Merle,1
Dandelion,Herwig,7
Gardenia,Nenneke,6
Dandelion,Gardenia,5
Agloval,Braenn,5
Braenn,Kashka,5
Kashka,Loki,8
Herwig,Loki,16
Dainty,Herwig,5
Freya,Kelpie,4
Kashka,Lily,5
Dainty,Lily,6
Annika,Dainty,4
Caldemeyn,Ciri,5
Iola,Kelpie,5
Caldemeyn,Yennefer,5
Caldemeyn,Triss,5
Dainty,Eskel,5
Eurneid,Yennefer,5
Freixenet,Yarpen,11
Dandelion,Loki,5
Kashka,Nenneke,4
Geralt,Herwig,3
Geralt,Mona,6
Dorregaray,Mona,2
Loki,Radcliffe,5
Ciri,Loki,9
Herwig,Radcliffe,3
Ciri,Herwig,9
Ciri,Dorregaray,3
Ciri,Galahad,11
Eskel,Nenneke,6
Freixenet,Sh'eenaz,11
Galahad,Kashka,5
Galahad,Geralt,6
Annika,Geralt,4
Sh'eenaz,Villentretenmerth,6
Chireadan,Gardenia,3
Freya,Gardenia,4
Dandelion,Vissing,5
Vissing,Yennefer,4
